id,name,model_id:id,group_id:id,perm_read,perm_write,perm_create,perm_unlink


access_biometric_config,biometric.config,model_biometric_config,hr_attendance.group_hr_attendance_manager,1,1,1,1
access_biometric_config_hr_user,biometric.config.hr.user,model_biometric_config,hr_attendance.group_hr_attendance_own_reader,1,1,1,0

access_attendance_log,attendance.log,model_attendance_log,hr_attendance.group_hr_attendance_manager,1,1,1,1
access_attendance_log_hr_user,attendance.log.hr.user,model_attendance_log,hr_attendance.group_hr_attendance_own_reader,1,1,1,0

access_biometric_attendance_devices,biometric.attendance.devices,model_biometric_attendance_devices,hr_attendance.group_hr_attendance_manager,1,1,1,1
access_biometric_attendance_devices_hr_user,biometric.attendance.devices.hr.user,model_biometric_attendance_devices,hr_attendance.group_hr_attendance_own_reader,1,1,1,0

access_biometric_attendance_devices_calc_wizard,biometric.attendance.devices.calc.wizard,model_attendance_calc_wizard,hr_attendance.group_hr_attendance_manager,1,1,1,1
access_biometric_attendance_devices_calc_wizard_hr_user,biometric.attendance.devices.hr.calc.wizard.user,model_attendance_calc_wizard,hr_attendance.group_hr_attendance_own_reader,1,1,1,0

access_biometric_attendance_devices_report_wizard,biometric.attendance.devices.report.wizard,model_attendance_report_wizard,hr_attendance.group_hr_attendance_manager,1,1,1,1
access_biometric_attendance_devices_report_wizard_hr_user,biometric.attendance.devices.hr.report.wizard.user,model_attendance_report_wizard,hr_attendance.group_hr_attendance_own_reader,1,1,1,0

access_biometric_device_wizard_manager,access.biometric.device.wizard.manager,model_biometric_device_wizard,hr_attendance.group_hr_attendance_manager,1,1,1,1
access_biometric_device_wizard_user,access.biometric.device.wizard.user,model_biometric_device_wizard,hr_attendance.group_hr_attendance_own_reader,1,1,1,0
access_biometric_device_wizard_base_user,access.biometric.device.wizard.base_user,model_biometric_device_wizard,base.group_user,1,0,0,0

access_delete_employees_wizard_manager,access.delete.employees.wizard.manager,model_delete_employees_wizard,hr_attendance.group_hr_attendance_manager,1,1,1,1
access_delete_employees_wizard_user,access.delete.employees.wizard.user,model_delete_employees_wizard,hr_attendance.group_hr_attendance_own_reader,1,1,1,0

access_link_employee_device_wizard_manager,access.link.employee.device.wizard.manager,model_link_employee_device_wizard,hr_attendance.group_hr_attendance_manager,1,1,1,1
access_link_employee_device_wizard_user,access.link.employee.device.wizard.user,model_link_employee_device_wizard,hr_attendance.group_hr_attendance_own_reader,1,1,1,0

access_device_user_cache_manager,access.device.user.cache.manager,model_device_user_cache,hr_attendance.group_hr_attendance_manager,1,1,1,1
access_device_user_cache_user,access.device.user.cache.user,model_device_user_cache,hr_attendance.group_hr_attendance_own_reader,1,1,1,1